<?xml version="1.0" encoding="UTF-8" standalone="yes"?>
<addon id="repository.demusp" name="[COLOR lime]demusp Repositorio[/COLOR]" version="0.0.1" provider-name="Derens41210">
    <extension point="xbmc.addon.repository" name="Mi repositorio">
        <info>https://raw.githubusercontent.com/derens41210/repositorio/master/repositorio/addons.xml</info>
        <checksum>https://raw.githubusercontent.com/derens41210/repositorio/master/repositorio/addons.xml.md5</checksum>
        <datadir zip="true">https://raw.githubusercontent.com/derens41210/master/Repositorio/</datadir>
    </extension>
    <extension point="xbmc.addon.metadata">
        <summary>Repositorio para mis addons</summary>
        <description></description>
        <disclaimer></disclaimer>
        <platform>all</platform>
    </extension>
</addon>
