<?xml version="1.0" encoding="UTF-8" standalone="yes"?>
<addon id="repository.demusp" name="[COLOR lime]demusp Repositorio[/COLOR]" version="0.0.2" provider-name="Derens41210">
    <extension point="xbmc.addon.repository" name="Mi repositorio">
        <info>https://raw.githubusercontent.com/derens41210/Demusp-repositorio/master/repor/addons.xml?token=AsPSIGVWkpLTuHVuiT17zSIEF63u2qG3ks5cM7gSwA%3D%3D</info>
        <checksum>https://raw.githubusercontent.com/derens41210/Demusp-repositorio/master/repor/addons.xml.md5?token=AsPSIOu8yFnFLHi0_qLJjQrM64lPZyMXks5cM7fNwA%3D%3D</checksum>
        <datadir zip="true">https://raw.githubusercontent.com/derens41210/Demusp-repositorio/master/repor/</datadir>
    </extension>
    <extension point="xbmc.addon.metadata">
        <summary>Repositorio para mis addons</summary>
        <description></description>
        <disclaimer></disclaimer>
        <platform>all</platform>
    </extension>
</addon>
