<?xml version="1.0" encoding="UTF-8" standalone="yes"?>
<addon id="plugin.video.demusp"
       name="[COLOR gold]demusp[/COLOR][COLOR blue] 0[/COLOR].[COLOR yellow]0[/COLOR].[COLOR red]4[/COLOR]"
       version="0.0.4"
       provider-name="Derens41210">
  <requires>
    <import addon="xbmc.python" version="2.1.0"/>
    <import addon="script.module.beautifulsoup" version="3.2.1"/>
    <import addon="script.module.simple.downloader" version="0.9.4"/>
    <import addon="script.module.beautifulsoup4" />
    <import addon="script.module.requests" />
    <import addon="script.module.httplib2" />
    <import addon="script.module.liveresolver" version="0.1.24" optional="true"/>
    <import addon="script.module.youtube.dl" optional="true"/>
    <import addon="plugin.video.youtube" optional="true" />
    <import addon="script.module.urlresolver" optional="true"/>
    <import addon="script.module.simplejson" />    
     <import addon="script.module.livestreamer" optional="true"/>
     <import addon="script.module.pyamf" optional="true"/>
  </requires>
  <extension point="xbmc.python.pluginsource" library="default.py">
    <provides>video</provides>
  </extension>

 <extension point="xbmc.addon.repository" name="Mi repositorio">
        <info>https://raw.githubusercontent.com/derens41210/Demusp-repositorio/master/repor/addons.xml?token=AsPSIGVWkpLTuHVuiT17zSIEF63u2qG3ks5cM7gSwA%3D%3D</info>
        <checksum>https://raw.githubusercontent.com/derens41210/Demusp-repositorio/master/repor/addons.xml.md5?token=AsPSIOu8yFnFLHi0_qLJjQrM64lPZyMXks5cM7fNwA%3D%3D</checksum>
        <datadir zip="true">https://raw.githubusercontent.com/derens41210/Demusp-repositorio/master/repor/</datadir>
    </extension>
  <extension point="xbmc.addon.metadata">
    <summary>Creado por derens41210</summary>
    <description>demusp 2019</description>
    <platform>all</platform>
  </extension>
</addon>
